region,filename
NE,NE_ttx_sd0_1
NE,NE_ttx_sd0_2
NE,NE_ttx_sd0_3
NE,NE_ttx_sd0_4
NE,NE_ttx_sd100_1
NE,NE_ttx_sd100_2
NE,NE_ttx_sd100_3
NE,NE_ttx_sd100_4
NE,NE_ttx_sd101_1
NE,NE_ttx_sd101_2
NE,NE_ttx_sd101_3
NE,NE_ttx_sd101_4
NE,NE_ttx_sd102_1
NE,NE_ttx_sd102_2
NE,NE_ttx_sd102_3
NE,NE_ttx_sd102_4
NE,NE_ttx_sd103_1
NE,NE_ttx_sd103_2
NE,NE_ttx_sd103_3
NE,NE_ttx_sd103_4
NE,NE_ttx_sd104_1
NE,NE_ttx_sd104_2
NE,NE_ttx_sd104_3
NE,NE_ttx_sd104_4
NE,NE_ttx_sd105_1
NE,NE_ttx_sd105_2
NE,NE_ttx_sd105_3
NE,NE_ttx_sd105_4
NE,NE_ttx_sd106_1
NE,NE_ttx_sd106_2
NE,NE_ttx_sd106_3
NE,NE_ttx_sd106_4
NE,NE_ttx_sd107_1
NE,NE_ttx_sd107_2
NE,NE_ttx_sd107_3
NE,NE_ttx_sd107_4
NE,NE_ttx_sd108_1
NE,NE_ttx_sd108_2
NE,NE_ttx_sd108_3
NE,NE_ttx_sd108_4
NE,NE_ttx_sd109_1
NE,NE_ttx_sd109_2
NE,NE_ttx_sd109_3
NE,NE_ttx_sd109_4
NE,NE_ttx_sd10_1
NE,NE_ttx_sd10_2
NE,NE_ttx_sd10_3
NE,NE_ttx_sd10_4
NE,NE_ttx_sd110_1
NE,NE_ttx_sd110_2
NE,NE_ttx_sd110_3
NE,NE_ttx_sd110_4
NE,NE_ttx_sd111_1
NE,NE_ttx_sd111_2
NE,NE_ttx_sd111_3
NE,NE_ttx_sd111_4
NE,NE_ttx_sd112_1
NE,NE_ttx_sd112_2
NE,NE_ttx_sd112_3
NE,NE_ttx_sd112_4
NE,NE_ttx_sd113_1
NE,NE_ttx_sd113_2
NE,NE_ttx_sd113_3
NE,NE_ttx_sd113_4
NE,NE_ttx_sd114_1
NE,NE_ttx_sd114_2
NE,NE_ttx_sd114_3
NE,NE_ttx_sd114_4
NE,NE_ttx_sd115_1
NE,NE_ttx_sd115_2
NE,NE_ttx_sd115_3
NE,NE_ttx_sd115_4
NE,NE_ttx_sd116_1
NE,NE_ttx_sd116_2
NE,NE_ttx_sd116_3
NE,NE_ttx_sd116_4
NE,NE_ttx_sd117_1
NE,NE_ttx_sd117_2
NE,NE_ttx_sd117_3
NE,NE_ttx_sd117_4
NE,NE_ttx_sd118_1
NE,NE_ttx_sd118_2
NE,NE_ttx_sd118_3
NE,NE_ttx_sd118_4
NE,NE_ttx_sd119_1
NE,NE_ttx_sd119_2
NE,NE_ttx_sd119_3
NE,NE_ttx_sd119_4
NE,NE_ttx_sd11_1
NE,NE_ttx_sd11_2
NE,NE_ttx_sd11_3
NE,NE_ttx_sd11_4
NE,NE_ttx_sd120_1
NE,NE_ttx_sd120_2
NE,NE_ttx_sd120_3
NE,NE_ttx_sd120_4
NE,NE_ttx_sd121_1
NE,NE_ttx_sd121_2
NE,NE_ttx_sd121_3
NE,NE_ttx_sd121_4
NE,NE_ttx_sd122_1
NE,NE_ttx_sd122_2
NE,NE_ttx_sd122_3
NE,NE_ttx_sd122_4
NE,NE_ttx_sd123_1
NE,NE_ttx_sd123_2
NE,NE_ttx_sd123_3
NE,NE_ttx_sd123_4
NE,NE_ttx_sd124_1
NE,NE_ttx_sd124_2
NE,NE_ttx_sd124_3
NE,NE_ttx_sd124_4
NE,NE_ttx_sd12_1
NE,NE_ttx_sd12_2
NE,NE_ttx_sd12_3
NE,NE_ttx_sd12_4
NE,NE_ttx_sd13_1
NE,NE_ttx_sd13_2
NE,NE_ttx_sd13_3
NE,NE_ttx_sd13_4
NE,NE_ttx_sd14_1
NE,NE_ttx_sd14_2
NE,NE_ttx_sd14_3
NE,NE_ttx_sd14_4
NE,NE_ttx_sd15_1
NE,NE_ttx_sd15_2
NE,NE_ttx_sd15_3
NE,NE_ttx_sd15_4
NE,NE_ttx_sd16_1
NE,NE_ttx_sd16_2
NE,NE_ttx_sd16_3
NE,NE_ttx_sd16_4
NE,NE_ttx_sd17_1
NE,NE_ttx_sd17_2
NE,NE_ttx_sd17_3
NE,NE_ttx_sd17_4
NE,NE_ttx_sd18_1
NE,NE_ttx_sd18_2
NE,NE_ttx_sd18_3
NE,NE_ttx_sd18_4
NE,NE_ttx_sd19_1
NE,NE_ttx_sd19_2
NE,NE_ttx_sd19_3
NE,NE_ttx_sd19_4
NE,NE_ttx_sd1_1
NE,NE_ttx_sd1_2
NE,NE_ttx_sd1_3
NE,NE_ttx_sd1_4
NE,NE_ttx_sd20_1
NE,NE_ttx_sd20_2
NE,NE_ttx_sd20_3
NE,NE_ttx_sd20_4
NE,NE_ttx_sd21_1
NE,NE_ttx_sd21_2
NE,NE_ttx_sd21_3
NE,NE_ttx_sd21_4
NE,NE_ttx_sd22_1
NE,NE_ttx_sd22_2
NE,NE_ttx_sd22_3
NE,NE_ttx_sd22_4
NE,NE_ttx_sd23_1
NE,NE_ttx_sd23_2
NE,NE_ttx_sd23_3
NE,NE_ttx_sd23_4
NE,NE_ttx_sd24_1
NE,NE_ttx_sd24_2
NE,NE_ttx_sd24_3
NE,NE_ttx_sd24_4
NE,NE_ttx_sd25_1
NE,NE_ttx_sd25_2
NE,NE_ttx_sd25_3
NE,NE_ttx_sd25_4
NE,NE_ttx_sd26_1
NE,NE_ttx_sd26_2
NE,NE_ttx_sd26_3
NE,NE_ttx_sd26_4
NE,NE_ttx_sd27_1
NE,NE_ttx_sd27_2
NE,NE_ttx_sd27_3
NE,NE_ttx_sd27_4
NE,NE_ttx_sd28_1
NE,NE_ttx_sd28_2
NE,NE_ttx_sd28_3
NE,NE_ttx_sd28_4
NE,NE_ttx_sd29_1
NE,NE_ttx_sd29_2
NE,NE_ttx_sd29_3
NE,NE_ttx_sd29_4
NE,NE_ttx_sd2_1
NE,NE_ttx_sd2_2
NE,NE_ttx_sd2_3
NE,NE_ttx_sd2_4
NE,NE_ttx_sd30_1
NE,NE_ttx_sd30_2
NE,NE_ttx_sd30_3
NE,NE_ttx_sd30_4
NE,NE_ttx_sd31_1
NE,NE_ttx_sd31_2
NE,NE_ttx_sd31_3
NE,NE_ttx_sd31_4
NE,NE_ttx_sd32_1
NE,NE_ttx_sd32_2
NE,NE_ttx_sd32_3
NE,NE_ttx_sd32_4
NE,NE_ttx_sd33_1
NE,NE_ttx_sd33_2
NE,NE_ttx_sd33_3
NE,NE_ttx_sd33_4
NE,NE_ttx_sd34_1
NE,NE_ttx_sd34_2
NE,NE_ttx_sd34_3
NE,NE_ttx_sd34_4
NE,NE_ttx_sd35_1
NE,NE_ttx_sd35_2
NE,NE_ttx_sd35_3
NE,NE_ttx_sd35_4
NE,NE_ttx_sd36_1
NE,NE_ttx_sd36_2
NE,NE_ttx_sd36_3
NE,NE_ttx_sd36_4
NE,NE_ttx_sd37_1
NE,NE_ttx_sd37_2
NE,NE_ttx_sd37_3
NE,NE_ttx_sd37_4
NE,NE_ttx_sd38_1
NE,NE_ttx_sd38_2
NE,NE_ttx_sd38_3
NE,NE_ttx_sd38_4
NE,NE_ttx_sd39_1
NE,NE_ttx_sd39_2
NE,NE_ttx_sd39_3
NE,NE_ttx_sd39_4
NE,NE_ttx_sd3_1
NE,NE_ttx_sd3_2
NE,NE_ttx_sd3_3
NE,NE_ttx_sd3_4
NE,NE_ttx_sd40_1
NE,NE_ttx_sd40_2
NE,NE_ttx_sd40_3
NE,NE_ttx_sd40_4
NE,NE_ttx_sd41_1
NE,NE_ttx_sd41_2
NE,NE_ttx_sd41_3
NE,NE_ttx_sd41_4
NE,NE_ttx_sd42_1
NE,NE_ttx_sd42_2
NE,NE_ttx_sd42_3
NE,NE_ttx_sd42_4
NE,NE_ttx_sd43_1
NE,NE_ttx_sd43_2
NE,NE_ttx_sd43_3
NE,NE_ttx_sd43_4
NE,NE_ttx_sd44_1
NE,NE_ttx_sd44_2
NE,NE_ttx_sd44_3
NE,NE_ttx_sd44_4
NE,NE_ttx_sd45_1
NE,NE_ttx_sd45_2
NE,NE_ttx_sd45_3
NE,NE_ttx_sd45_4
NE,NE_ttx_sd46_1
NE,NE_ttx_sd46_2
NE,NE_ttx_sd46_3
NE,NE_ttx_sd46_4
NE,NE_ttx_sd47_1
NE,NE_ttx_sd47_2
NE,NE_ttx_sd47_3
NE,NE_ttx_sd47_4
NE,NE_ttx_sd48_1
NE,NE_ttx_sd48_2
NE,NE_ttx_sd48_3
NE,NE_ttx_sd48_4
NE,NE_ttx_sd49_1
NE,NE_ttx_sd49_2
NE,NE_ttx_sd49_3
NE,NE_ttx_sd49_4
NE,NE_ttx_sd4_1
NE,NE_ttx_sd4_2
NE,NE_ttx_sd4_3
NE,NE_ttx_sd4_4
NE,NE_ttx_sd50_1
NE,NE_ttx_sd50_2
NE,NE_ttx_sd50_3
NE,NE_ttx_sd50_4
NE,NE_ttx_sd51_1
NE,NE_ttx_sd51_2
NE,NE_ttx_sd51_3
NE,NE_ttx_sd51_4
NE,NE_ttx_sd52_1
NE,NE_ttx_sd52_2
NE,NE_ttx_sd52_3
NE,NE_ttx_sd52_4
NE,NE_ttx_sd53_1
NE,NE_ttx_sd53_2
NE,NE_ttx_sd53_3
NE,NE_ttx_sd53_4
NE,NE_ttx_sd54_1
NE,NE_ttx_sd54_2
NE,NE_ttx_sd54_3
NE,NE_ttx_sd54_4
NE,NE_ttx_sd55_1
NE,NE_ttx_sd55_2
NE,NE_ttx_sd55_3
NE,NE_ttx_sd55_4
NE,NE_ttx_sd56_1
NE,NE_ttx_sd56_2
NE,NE_ttx_sd56_3
NE,NE_ttx_sd56_4
NE,NE_ttx_sd57_1
NE,NE_ttx_sd57_2
NE,NE_ttx_sd57_3
NE,NE_ttx_sd57_4
NE,NE_ttx_sd58_1
NE,NE_ttx_sd58_2
NE,NE_ttx_sd58_3
NE,NE_ttx_sd58_4
NE,NE_ttx_sd59_1
NE,NE_ttx_sd59_2
NE,NE_ttx_sd59_3
NE,NE_ttx_sd59_4
NE,NE_ttx_sd5_1
NE,NE_ttx_sd5_2
NE,NE_ttx_sd5_3
NE,NE_ttx_sd5_4
NE,NE_ttx_sd60_1
NE,NE_ttx_sd60_2
NE,NE_ttx_sd60_3
NE,NE_ttx_sd60_4
NE,NE_ttx_sd61_1
NE,NE_ttx_sd61_2
NE,NE_ttx_sd61_3
NE,NE_ttx_sd61_4
NE,NE_ttx_sd62_1
NE,NE_ttx_sd62_2
NE,NE_ttx_sd62_3
NE,NE_ttx_sd62_4
NE,NE_ttx_sd63_1
NE,NE_ttx_sd63_2
NE,NE_ttx_sd63_3
NE,NE_ttx_sd63_4
NE,NE_ttx_sd64_1
NE,NE_ttx_sd64_2
NE,NE_ttx_sd64_3
NE,NE_ttx_sd64_4
NE,NE_ttx_sd65_1
NE,NE_ttx_sd65_2
NE,NE_ttx_sd65_3
NE,NE_ttx_sd65_4
NE,NE_ttx_sd66_1
NE,NE_ttx_sd66_2
NE,NE_ttx_sd66_3
NE,NE_ttx_sd66_4
NE,NE_ttx_sd67_1
NE,NE_ttx_sd67_2
NE,NE_ttx_sd67_3
NE,NE_ttx_sd67_4
NE,NE_ttx_sd68_1
NE,NE_ttx_sd68_2
NE,NE_ttx_sd68_3
NE,NE_ttx_sd68_4
NE,NE_ttx_sd69_1
NE,NE_ttx_sd69_2
NE,NE_ttx_sd69_3
NE,NE_ttx_sd69_4
NE,NE_ttx_sd6_1
NE,NE_ttx_sd6_2
NE,NE_ttx_sd6_3
NE,NE_ttx_sd6_4
NE,NE_ttx_sd70_1
NE,NE_ttx_sd70_2
NE,NE_ttx_sd70_3
NE,NE_ttx_sd70_4
NE,NE_ttx_sd71_1
NE,NE_ttx_sd71_2
NE,NE_ttx_sd71_3
NE,NE_ttx_sd71_4
NE,NE_ttx_sd72_1
NE,NE_ttx_sd72_2
NE,NE_ttx_sd72_3
NE,NE_ttx_sd72_4
NE,NE_ttx_sd73_1
NE,NE_ttx_sd73_2
NE,NE_ttx_sd73_3
NE,NE_ttx_sd73_4
NE,NE_ttx_sd74_1
NE,NE_ttx_sd74_2
NE,NE_ttx_sd74_3
NE,NE_ttx_sd74_4
NE,NE_ttx_sd75_1
NE,NE_ttx_sd75_2
NE,NE_ttx_sd75_3
NE,NE_ttx_sd75_4
NE,NE_ttx_sd76_1
NE,NE_ttx_sd76_2
NE,NE_ttx_sd76_3
NE,NE_ttx_sd76_4
NE,NE_ttx_sd77_1
NE,NE_ttx_sd77_2
NE,NE_ttx_sd77_3
NE,NE_ttx_sd77_4
NE,NE_ttx_sd78_1
NE,NE_ttx_sd78_2
NE,NE_ttx_sd78_3
NE,NE_ttx_sd78_4
NE,NE_ttx_sd79_1
NE,NE_ttx_sd79_2
NE,NE_ttx_sd79_3
NE,NE_ttx_sd79_4
NE,NE_ttx_sd7_1
NE,NE_ttx_sd7_2
NE,NE_ttx_sd7_3
NE,NE_ttx_sd7_4
NE,NE_ttx_sd80_1
NE,NE_ttx_sd80_2
NE,NE_ttx_sd80_3
NE,NE_ttx_sd80_4
NE,NE_ttx_sd81_1
NE,NE_ttx_sd81_2
NE,NE_ttx_sd81_3
NE,NE_ttx_sd81_4
NE,NE_ttx_sd82_1
NE,NE_ttx_sd82_2
NE,NE_ttx_sd82_3
NE,NE_ttx_sd82_4
NE,NE_ttx_sd83_1
NE,NE_ttx_sd83_2
NE,NE_ttx_sd83_3
NE,NE_ttx_sd83_4
NE,NE_ttx_sd84_1
NE,NE_ttx_sd84_2
NE,NE_ttx_sd84_3
NE,NE_ttx_sd84_4
NE,NE_ttx_sd85_1
NE,NE_ttx_sd85_2
NE,NE_ttx_sd85_3
NE,NE_ttx_sd85_4
NE,NE_ttx_sd86_1
NE,NE_ttx_sd86_2
NE,NE_ttx_sd86_3
NE,NE_ttx_sd86_4
NE,NE_ttx_sd87_1
NE,NE_ttx_sd87_2
NE,NE_ttx_sd87_3
NE,NE_ttx_sd87_4
NE,NE_ttx_sd88_1
NE,NE_ttx_sd88_2
NE,NE_ttx_sd88_3
NE,NE_ttx_sd88_4
NE,NE_ttx_sd89_1
NE,NE_ttx_sd89_2
NE,NE_ttx_sd89_3
NE,NE_ttx_sd89_4
NE,NE_ttx_sd8_1
NE,NE_ttx_sd8_2
NE,NE_ttx_sd8_3
NE,NE_ttx_sd8_4
NE,NE_ttx_sd90_1
NE,NE_ttx_sd90_2
NE,NE_ttx_sd90_3
NE,NE_ttx_sd90_4
NE,NE_ttx_sd91_1
NE,NE_ttx_sd91_2
NE,NE_ttx_sd91_3
NE,NE_ttx_sd91_4
NE,NE_ttx_sd92_1
NE,NE_ttx_sd92_2
NE,NE_ttx_sd92_3
NE,NE_ttx_sd92_4
NE,NE_ttx_sd93_1
NE,NE_ttx_sd93_2
NE,NE_ttx_sd93_3
NE,NE_ttx_sd93_4
NE,NE_ttx_sd94_1
NE,NE_ttx_sd94_2
NE,NE_ttx_sd94_3
NE,NE_ttx_sd94_4
NE,NE_ttx_sd95_1
NE,NE_ttx_sd95_2
NE,NE_ttx_sd95_3
NE,NE_ttx_sd95_4
NE,NE_ttx_sd96_1
NE,NE_ttx_sd96_2
NE,NE_ttx_sd96_3
NE,NE_ttx_sd96_4
NE,NE_ttx_sd97_1
NE,NE_ttx_sd97_2
NE,NE_ttx_sd97_3
NE,NE_ttx_sd97_4
NE,NE_ttx_sd98_1
NE,NE_ttx_sd98_2
NE,NE_ttx_sd98_3
NE,NE_ttx_sd98_4
NE,NE_ttx_sd99_1
NE,NE_ttx_sd99_2
NE,NE_ttx_sd99_3
NE,NE_ttx_sd99_4
NE,NE_ttx_sd9_1
NE,NE_ttx_sd9_2
NE,NE_ttx_sd9_3
NE,NE_ttx_sd9_4
EM,EM_ttx_sd0_1
EM,EM_ttx_sd0_2
EM,EM_ttx_sd0_3
EM,EM_ttx_sd0_4
EM,EM_ttx_sd100_1
EM,EM_ttx_sd100_2
EM,EM_ttx_sd100_3
EM,EM_ttx_sd100_4
EM,EM_ttx_sd101_1
EM,EM_ttx_sd101_2
EM,EM_ttx_sd101_3
EM,EM_ttx_sd101_4
EM,EM_ttx_sd102_1
EM,EM_ttx_sd102_2
EM,EM_ttx_sd102_3
EM,EM_ttx_sd102_4
EM,EM_ttx_sd103_1
EM,EM_ttx_sd103_2
EM,EM_ttx_sd103_3
EM,EM_ttx_sd103_4
EM,EM_ttx_sd104_1
EM,EM_ttx_sd104_2
EM,EM_ttx_sd104_3
EM,EM_ttx_sd104_4
EM,EM_ttx_sd105_1
EM,EM_ttx_sd105_2
EM,EM_ttx_sd105_3
EM,EM_ttx_sd105_4
EM,EM_ttx_sd106_1
EM,EM_ttx_sd106_2
EM,EM_ttx_sd106_3
EM,EM_ttx_sd106_4
EM,EM_ttx_sd107_1
EM,EM_ttx_sd107_2
EM,EM_ttx_sd107_3
EM,EM_ttx_sd107_4
EM,EM_ttx_sd108_1
EM,EM_ttx_sd108_2
EM,EM_ttx_sd108_3
EM,EM_ttx_sd108_4
EM,EM_ttx_sd109_1
EM,EM_ttx_sd109_2
EM,EM_ttx_sd109_3
EM,EM_ttx_sd109_4
EM,EM_ttx_sd10_1
EM,EM_ttx_sd10_2
EM,EM_ttx_sd10_3
EM,EM_ttx_sd10_4
EM,EM_ttx_sd110_1
EM,EM_ttx_sd110_2
EM,EM_ttx_sd110_3
EM,EM_ttx_sd110_4
EM,EM_ttx_sd111_1
EM,EM_ttx_sd111_2
EM,EM_ttx_sd111_3
EM,EM_ttx_sd111_4
EM,EM_ttx_sd112_1
EM,EM_ttx_sd112_2
EM,EM_ttx_sd112_3
EM,EM_ttx_sd112_4
EM,EM_ttx_sd113_1
EM,EM_ttx_sd113_2
EM,EM_ttx_sd113_3
EM,EM_ttx_sd113_4
EM,EM_ttx_sd114_1
EM,EM_ttx_sd114_2
EM,EM_ttx_sd114_3
EM,EM_ttx_sd114_4
EM,EM_ttx_sd115_1
EM,EM_ttx_sd115_2
EM,EM_ttx_sd115_3
EM,EM_ttx_sd115_4
EM,EM_ttx_sd116_1
EM,EM_ttx_sd116_2
EM,EM_ttx_sd116_3
EM,EM_ttx_sd116_4
EM,EM_ttx_sd117_1
EM,EM_ttx_sd117_2
EM,EM_ttx_sd117_3
EM,EM_ttx_sd117_4
EM,EM_ttx_sd118_1
EM,EM_ttx_sd118_2
EM,EM_ttx_sd118_3
EM,EM_ttx_sd118_4
EM,EM_ttx_sd119_1
EM,EM_ttx_sd119_2
EM,EM_ttx_sd119_3
EM,EM_ttx_sd119_4
EM,EM_ttx_sd11_1
EM,EM_ttx_sd11_2
EM,EM_ttx_sd11_3
EM,EM_ttx_sd11_4
EM,EM_ttx_sd120_1
EM,EM_ttx_sd120_2
EM,EM_ttx_sd120_3
EM,EM_ttx_sd120_4
EM,EM_ttx_sd121_1
EM,EM_ttx_sd121_2
EM,EM_ttx_sd121_3
EM,EM_ttx_sd121_4
EM,EM_ttx_sd122_1
EM,EM_ttx_sd122_2
EM,EM_ttx_sd122_3
EM,EM_ttx_sd122_4
EM,EM_ttx_sd123_1
EM,EM_ttx_sd123_2
EM,EM_ttx_sd123_3
EM,EM_ttx_sd123_4
EM,EM_ttx_sd124_1
EM,EM_ttx_sd124_2
EM,EM_ttx_sd124_3
EM,EM_ttx_sd124_4
EM,EM_ttx_sd12_1
EM,EM_ttx_sd12_2
EM,EM_ttx_sd12_3
EM,EM_ttx_sd12_4
EM,EM_ttx_sd13_1
EM,EM_ttx_sd13_2
EM,EM_ttx_sd13_3
EM,EM_ttx_sd13_4
EM,EM_ttx_sd14_1
EM,EM_ttx_sd14_2
EM,EM_ttx_sd14_3
EM,EM_ttx_sd14_4
EM,EM_ttx_sd15_1
EM,EM_ttx_sd15_2
EM,EM_ttx_sd15_3
EM,EM_ttx_sd15_4
EM,EM_ttx_sd16_1
EM,EM_ttx_sd16_2
EM,EM_ttx_sd16_3
EM,EM_ttx_sd16_4
EM,EM_ttx_sd17_1
EM,EM_ttx_sd17_2
EM,EM_ttx_sd17_3
EM,EM_ttx_sd17_4
EM,EM_ttx_sd18_1
EM,EM_ttx_sd18_2
EM,EM_ttx_sd18_3
EM,EM_ttx_sd18_4
EM,EM_ttx_sd19_1
EM,EM_ttx_sd19_2
EM,EM_ttx_sd19_3
EM,EM_ttx_sd19_4
EM,EM_ttx_sd1_1
EM,EM_ttx_sd1_2
EM,EM_ttx_sd1_3
EM,EM_ttx_sd1_4
EM,EM_ttx_sd20_1
EM,EM_ttx_sd20_2
EM,EM_ttx_sd20_3
EM,EM_ttx_sd20_4
EM,EM_ttx_sd21_1
EM,EM_ttx_sd21_2
EM,EM_ttx_sd21_3
EM,EM_ttx_sd21_4
EM,EM_ttx_sd22_1
EM,EM_ttx_sd22_2
EM,EM_ttx_sd22_3
EM,EM_ttx_sd22_4
EM,EM_ttx_sd23_1
EM,EM_ttx_sd23_2
EM,EM_ttx_sd23_3
EM,EM_ttx_sd23_4
EM,EM_ttx_sd24_1
EM,EM_ttx_sd24_2
EM,EM_ttx_sd24_3
EM,EM_ttx_sd24_4
EM,EM_ttx_sd25_1
EM,EM_ttx_sd25_2
EM,EM_ttx_sd25_3
EM,EM_ttx_sd25_4
EM,EM_ttx_sd26_1
EM,EM_ttx_sd26_2
EM,EM_ttx_sd26_3
EM,EM_ttx_sd26_4
EM,EM_ttx_sd27_1
EM,EM_ttx_sd27_2
EM,EM_ttx_sd27_3
EM,EM_ttx_sd27_4
EM,EM_ttx_sd28_1
EM,EM_ttx_sd28_2
EM,EM_ttx_sd28_3
EM,EM_ttx_sd28_4
EM,EM_ttx_sd29_1
EM,EM_ttx_sd29_2
EM,EM_ttx_sd29_3
EM,EM_ttx_sd29_4
EM,EM_ttx_sd2_1
EM,EM_ttx_sd2_2
EM,EM_ttx_sd2_3
EM,EM_ttx_sd2_4
EM,EM_ttx_sd30_1
EM,EM_ttx_sd30_2
EM,EM_ttx_sd30_3
EM,EM_ttx_sd30_4
EM,EM_ttx_sd31_1
EM,EM_ttx_sd31_2
EM,EM_ttx_sd31_3
EM,EM_ttx_sd31_4
EM,EM_ttx_sd32_1
EM,EM_ttx_sd32_2
EM,EM_ttx_sd32_3
EM,EM_ttx_sd32_4
EM,EM_ttx_sd33_1
EM,EM_ttx_sd33_2
EM,EM_ttx_sd33_3
EM,EM_ttx_sd33_4
EM,EM_ttx_sd34_1
EM,EM_ttx_sd34_2
EM,EM_ttx_sd34_3
EM,EM_ttx_sd34_4
EM,EM_ttx_sd35_1
EM,EM_ttx_sd35_2
EM,EM_ttx_sd35_3
EM,EM_ttx_sd35_4
EM,EM_ttx_sd36_1
EM,EM_ttx_sd36_2
EM,EM_ttx_sd36_3
EM,EM_ttx_sd36_4
EM,EM_ttx_sd37_1
EM,EM_ttx_sd37_2
EM,EM_ttx_sd37_3
EM,EM_ttx_sd37_4
EM,EM_ttx_sd38_1
EM,EM_ttx_sd38_2
EM,EM_ttx_sd38_3
EM,EM_ttx_sd38_4
EM,EM_ttx_sd39_1
EM,EM_ttx_sd39_2
EM,EM_ttx_sd39_3
EM,EM_ttx_sd39_4
EM,EM_ttx_sd3_1
EM,EM_ttx_sd3_2
EM,EM_ttx_sd3_3
EM,EM_ttx_sd3_4
EM,EM_ttx_sd40_1
EM,EM_ttx_sd40_2
EM,EM_ttx_sd40_3
EM,EM_ttx_sd40_4
EM,EM_ttx_sd41_1
EM,EM_ttx_sd41_2
EM,EM_ttx_sd41_3
EM,EM_ttx_sd41_4
EM,EM_ttx_sd42_1
EM,EM_ttx_sd42_2
EM,EM_ttx_sd42_3
EM,EM_ttx_sd42_4
EM,EM_ttx_sd43_1
EM,EM_ttx_sd43_2
EM,EM_ttx_sd43_3
EM,EM_ttx_sd43_4
EM,EM_ttx_sd44_1
EM,EM_ttx_sd44_2
EM,EM_ttx_sd44_3
EM,EM_ttx_sd44_4
EM,EM_ttx_sd45_1
EM,EM_ttx_sd45_2
EM,EM_ttx_sd45_3
EM,EM_ttx_sd45_4
EM,EM_ttx_sd46_1
EM,EM_ttx_sd46_2
EM,EM_ttx_sd46_3
EM,EM_ttx_sd46_4
EM,EM_ttx_sd47_1
EM,EM_ttx_sd47_2
EM,EM_ttx_sd47_3
EM,EM_ttx_sd47_4
EM,EM_ttx_sd48_1
EM,EM_ttx_sd48_2
EM,EM_ttx_sd48_3
EM,EM_ttx_sd48_4
EM,EM_ttx_sd49_1
EM,EM_ttx_sd49_2
EM,EM_ttx_sd49_3
EM,EM_ttx_sd49_4
EM,EM_ttx_sd4_1
EM,EM_ttx_sd4_2
EM,EM_ttx_sd4_3
EM,EM_ttx_sd4_4
EM,EM_ttx_sd50_1
EM,EM_ttx_sd50_2
EM,EM_ttx_sd50_3
EM,EM_ttx_sd50_4
EM,EM_ttx_sd51_1
EM,EM_ttx_sd51_2
EM,EM_ttx_sd51_3
EM,EM_ttx_sd51_4
EM,EM_ttx_sd52_1
EM,EM_ttx_sd52_2
EM,EM_ttx_sd52_3
EM,EM_ttx_sd52_4
EM,EM_ttx_sd53_1
EM,EM_ttx_sd53_2
EM,EM_ttx_sd53_3
EM,EM_ttx_sd53_4
EM,EM_ttx_sd54_1
EM,EM_ttx_sd54_2
EM,EM_ttx_sd54_3
EM,EM_ttx_sd54_4
EM,EM_ttx_sd55_1
EM,EM_ttx_sd55_2
EM,EM_ttx_sd55_3
EM,EM_ttx_sd55_4
EM,EM_ttx_sd56_1
EM,EM_ttx_sd56_2
EM,EM_ttx_sd56_3
EM,EM_ttx_sd56_4
EM,EM_ttx_sd57_1
EM,EM_ttx_sd57_2
EM,EM_ttx_sd57_3
EM,EM_ttx_sd57_4
EM,EM_ttx_sd58_1
EM,EM_ttx_sd58_2
EM,EM_ttx_sd58_3
EM,EM_ttx_sd58_4
EM,EM_ttx_sd59_1
EM,EM_ttx_sd59_2
EM,EM_ttx_sd59_3
EM,EM_ttx_sd59_4
EM,EM_ttx_sd5_1
EM,EM_ttx_sd5_2
EM,EM_ttx_sd5_3
EM,EM_ttx_sd5_4
EM,EM_ttx_sd60_1
EM,EM_ttx_sd60_2
EM,EM_ttx_sd60_3
EM,EM_ttx_sd60_4
EM,EM_ttx_sd61_1
EM,EM_ttx_sd61_2
EM,EM_ttx_sd61_3
EM,EM_ttx_sd61_4
EM,EM_ttx_sd62_1
EM,EM_ttx_sd62_2
EM,EM_ttx_sd62_3
EM,EM_ttx_sd62_4
EM,EM_ttx_sd63_1
EM,EM_ttx_sd63_2
EM,EM_ttx_sd63_3
EM,EM_ttx_sd63_4
EM,EM_ttx_sd64_1
EM,EM_ttx_sd64_2
EM,EM_ttx_sd64_3
EM,EM_ttx_sd64_4
EM,EM_ttx_sd65_1
EM,EM_ttx_sd65_2
EM,EM_ttx_sd65_3
EM,EM_ttx_sd65_4
EM,EM_ttx_sd66_1
EM,EM_ttx_sd66_2
EM,EM_ttx_sd66_3
EM,EM_ttx_sd66_4
EM,EM_ttx_sd67_1
EM,EM_ttx_sd67_2
EM,EM_ttx_sd67_3
EM,EM_ttx_sd67_4
EM,EM_ttx_sd68_1
EM,EM_ttx_sd68_2
EM,EM_ttx_sd68_3
EM,EM_ttx_sd68_4
EM,EM_ttx_sd69_1
EM,EM_ttx_sd69_2
EM,EM_ttx_sd69_3
EM,EM_ttx_sd69_4
EM,EM_ttx_sd6_1
EM,EM_ttx_sd6_2
EM,EM_ttx_sd6_3
EM,EM_ttx_sd6_4
EM,EM_ttx_sd70_1
EM,EM_ttx_sd70_2
EM,EM_ttx_sd70_3
EM,EM_ttx_sd70_4
EM,EM_ttx_sd71_1
EM,EM_ttx_sd71_2
EM,EM_ttx_sd71_3
EM,EM_ttx_sd71_4
EM,EM_ttx_sd72_1
EM,EM_ttx_sd72_2
EM,EM_ttx_sd72_3
EM,EM_ttx_sd72_4
EM,EM_ttx_sd73_1
EM,EM_ttx_sd73_2
EM,EM_ttx_sd73_3
EM,EM_ttx_sd73_4
EM,EM_ttx_sd74_1
EM,EM_ttx_sd74_2
EM,EM_ttx_sd74_3
EM,EM_ttx_sd74_4
EM,EM_ttx_sd75_1
EM,EM_ttx_sd75_2
EM,EM_ttx_sd75_3
EM,EM_ttx_sd75_4
EM,EM_ttx_sd76_1
EM,EM_ttx_sd76_2
EM,EM_ttx_sd76_3
EM,EM_ttx_sd76_4
EM,EM_ttx_sd77_1
EM,EM_ttx_sd77_2
EM,EM_ttx_sd77_3
EM,EM_ttx_sd77_4
EM,EM_ttx_sd78_1
EM,EM_ttx_sd78_2
EM,EM_ttx_sd78_3
EM,EM_ttx_sd78_4
EM,EM_ttx_sd79_1
EM,EM_ttx_sd79_2
EM,EM_ttx_sd79_3
EM,EM_ttx_sd79_4
EM,EM_ttx_sd7_1
EM,EM_ttx_sd7_2
EM,EM_ttx_sd7_3
EM,EM_ttx_sd7_4
EM,EM_ttx_sd80_1
EM,EM_ttx_sd80_2
EM,EM_ttx_sd80_3
EM,EM_ttx_sd80_4
EM,EM_ttx_sd81_1
EM,EM_ttx_sd81_2
EM,EM_ttx_sd81_3
EM,EM_ttx_sd81_4
EM,EM_ttx_sd82_1
EM,EM_ttx_sd82_2
EM,EM_ttx_sd82_3
EM,EM_ttx_sd82_4
EM,EM_ttx_sd83_1
EM,EM_ttx_sd83_2
EM,EM_ttx_sd83_3
EM,EM_ttx_sd83_4
EM,EM_ttx_sd84_1
EM,EM_ttx_sd84_2
EM,EM_ttx_sd84_3
EM,EM_ttx_sd84_4
EM,EM_ttx_sd85_1
EM,EM_ttx_sd85_2
EM,EM_ttx_sd85_3
EM,EM_ttx_sd85_4
EM,EM_ttx_sd86_1
EM,EM_ttx_sd86_2
EM,EM_ttx_sd86_3
EM,EM_ttx_sd86_4
EM,EM_ttx_sd87_1
EM,EM_ttx_sd87_2
EM,EM_ttx_sd87_3
EM,EM_ttx_sd87_4
EM,EM_ttx_sd88_1
EM,EM_ttx_sd88_2
EM,EM_ttx_sd88_3
EM,EM_ttx_sd88_4
EM,EM_ttx_sd89_1
EM,EM_ttx_sd89_2
EM,EM_ttx_sd89_3
EM,EM_ttx_sd89_4
EM,EM_ttx_sd8_1
EM,EM_ttx_sd8_2
EM,EM_ttx_sd8_3
EM,EM_ttx_sd8_4
EM,EM_ttx_sd90_1
EM,EM_ttx_sd90_2
EM,EM_ttx_sd90_3
EM,EM_ttx_sd90_4
EM,EM_ttx_sd91_1
EM,EM_ttx_sd91_2
EM,EM_ttx_sd91_3
EM,EM_ttx_sd91_4
EM,EM_ttx_sd92_1
EM,EM_ttx_sd92_2
EM,EM_ttx_sd92_3
EM,EM_ttx_sd92_4
EM,EM_ttx_sd93_1
EM,EM_ttx_sd93_2
EM,EM_ttx_sd93_3
EM,EM_ttx_sd93_4
EM,EM_ttx_sd94_1
EM,EM_ttx_sd94_2
EM,EM_ttx_sd94_3
EM,EM_ttx_sd94_4
EM,EM_ttx_sd95_1
EM,EM_ttx_sd95_2
EM,EM_ttx_sd95_3
EM,EM_ttx_sd95_4
EM,EM_ttx_sd96_1
EM,EM_ttx_sd96_2
EM,EM_ttx_sd96_3
EM,EM_ttx_sd96_4
EM,EM_ttx_sd97_1
EM,EM_ttx_sd97_2
EM,EM_ttx_sd97_3
EM,EM_ttx_sd97_4
EM,EM_ttx_sd98_1
EM,EM_ttx_sd98_2
EM,EM_ttx_sd98_3
EM,EM_ttx_sd98_4
EM,EM_ttx_sd99_1
EM,EM_ttx_sd99_2
EM,EM_ttx_sd99_3
EM,EM_ttx_sd99_4
EM,EM_ttx_sd9_1
EM,EM_ttx_sd9_2
EM,EM_ttx_sd9_3
EM,EM_ttx_sd9_4
NW,NW_ttx_sd0_1
NW,NW_ttx_sd0_2
NW,NW_ttx_sd0_3
NW,NW_ttx_sd0_4
NW,NW_ttx_sd100_1
NW,NW_ttx_sd100_2
NW,NW_ttx_sd100_3
NW,NW_ttx_sd100_4
NW,NW_ttx_sd101_1
NW,NW_ttx_sd101_2
NW,NW_ttx_sd101_3
NW,NW_ttx_sd101_4
NW,NW_ttx_sd102_1
NW,NW_ttx_sd102_2
NW,NW_ttx_sd102_3
NW,NW_ttx_sd102_4
NW,NW_ttx_sd103_1
NW,NW_ttx_sd103_2
NW,NW_ttx_sd103_3
NW,NW_ttx_sd103_4
NW,NW_ttx_sd104_1
NW,NW_ttx_sd104_2
NW,NW_ttx_sd104_3
NW,NW_ttx_sd104_4
NW,NW_ttx_sd105_1
NW,NW_ttx_sd105_2
NW,NW_ttx_sd105_3
NW,NW_ttx_sd105_4
NW,NW_ttx_sd106_1
NW,NW_ttx_sd106_2
NW,NW_ttx_sd106_3
NW,NW_ttx_sd106_4
NW,NW_ttx_sd107_1
NW,NW_ttx_sd107_2
NW,NW_ttx_sd107_3
NW,NW_ttx_sd107_4
NW,NW_ttx_sd108_1
NW,NW_ttx_sd108_2
NW,NW_ttx_sd108_3
NW,NW_ttx_sd108_4
NW,NW_ttx_sd109_1
NW,NW_ttx_sd109_2
NW,NW_ttx_sd109_3
NW,NW_ttx_sd109_4
NW,NW_ttx_sd10_1
NW,NW_ttx_sd10_2
NW,NW_ttx_sd10_3
NW,NW_ttx_sd10_4
NW,NW_ttx_sd110_1
NW,NW_ttx_sd110_2
NW,NW_ttx_sd110_3
NW,NW_ttx_sd110_4
NW,NW_ttx_sd111_1
NW,NW_ttx_sd111_2
NW,NW_ttx_sd111_3
NW,NW_ttx_sd111_4
NW,NW_ttx_sd112_1
NW,NW_ttx_sd112_2
NW,NW_ttx_sd112_3
NW,NW_ttx_sd112_4
NW,NW_ttx_sd113_1
NW,NW_ttx_sd113_2
NW,NW_ttx_sd113_3
NW,NW_ttx_sd113_4
NW,NW_ttx_sd114_1
NW,NW_ttx_sd114_2
NW,NW_ttx_sd114_3
NW,NW_ttx_sd114_4
NW,NW_ttx_sd115_1
NW,NW_ttx_sd115_2
NW,NW_ttx_sd115_3
NW,NW_ttx_sd115_4
NW,NW_ttx_sd116_1
NW,NW_ttx_sd116_2
NW,NW_ttx_sd116_3
NW,NW_ttx_sd116_4
NW,NW_ttx_sd117_1
NW,NW_ttx_sd117_2
NW,NW_ttx_sd117_3
NW,NW_ttx_sd117_4
NW,NW_ttx_sd118_1
NW,NW_ttx_sd118_2
NW,NW_ttx_sd118_3
NW,NW_ttx_sd118_4
NW,NW_ttx_sd119_1
NW,NW_ttx_sd119_2
NW,NW_ttx_sd119_3
NW,NW_ttx_sd119_4
NW,NW_ttx_sd11_1
NW,NW_ttx_sd11_2
NW,NW_ttx_sd11_3
NW,NW_ttx_sd11_4
NW,NW_ttx_sd120_1
NW,NW_ttx_sd120_2
NW,NW_ttx_sd120_3
NW,NW_ttx_sd120_4
NW,NW_ttx_sd121_1
NW,NW_ttx_sd121_2
NW,NW_ttx_sd121_3
NW,NW_ttx_sd121_4
NW,NW_ttx_sd122_1
NW,NW_ttx_sd122_2
NW,NW_ttx_sd122_3
NW,NW_ttx_sd122_4
NW,NW_ttx_sd123_1
NW,NW_ttx_sd123_2
NW,NW_ttx_sd123_3
NW,NW_ttx_sd123_4
NW,NW_ttx_sd124_1
NW,NW_ttx_sd124_2
NW,NW_ttx_sd124_3
NW,NW_ttx_sd124_4
NW,NW_ttx_sd12_1
NW,NW_ttx_sd12_2
NW,NW_ttx_sd12_3
NW,NW_ttx_sd12_4
NW,NW_ttx_sd13_1
NW,NW_ttx_sd13_2
NW,NW_ttx_sd13_3
NW,NW_ttx_sd13_4
NW,NW_ttx_sd14_1
NW,NW_ttx_sd14_2
NW,NW_ttx_sd14_3
NW,NW_ttx_sd14_4
NW,NW_ttx_sd15_1
NW,NW_ttx_sd15_2
NW,NW_ttx_sd15_3
NW,NW_ttx_sd15_4
NW,NW_ttx_sd16_1
NW,NW_ttx_sd16_2
NW,NW_ttx_sd16_3
NW,NW_ttx_sd16_4
NW,NW_ttx_sd17_1
NW,NW_ttx_sd17_2
NW,NW_ttx_sd17_3
NW,NW_ttx_sd17_4
NW,NW_ttx_sd18_1
NW,NW_ttx_sd18_2
NW,NW_ttx_sd18_3
NW,NW_ttx_sd18_4
NW,NW_ttx_sd19_1
NW,NW_ttx_sd19_2
NW,NW_ttx_sd19_3
NW,NW_ttx_sd19_4
NW,NW_ttx_sd1_1
NW,NW_ttx_sd1_2
NW,NW_ttx_sd1_3
NW,NW_ttx_sd1_4
NW,NW_ttx_sd20_1
NW,NW_ttx_sd20_2
NW,NW_ttx_sd20_3
NW,NW_ttx_sd20_4
NW,NW_ttx_sd21_1
NW,NW_ttx_sd21_2
NW,NW_ttx_sd21_3
NW,NW_ttx_sd21_4
NW,NW_ttx_sd22_1
NW,NW_ttx_sd22_2
NW,NW_ttx_sd22_3
NW,NW_ttx_sd22_4
NW,NW_ttx_sd23_1
NW,NW_ttx_sd23_2
NW,NW_ttx_sd23_3
NW,NW_ttx_sd23_4
NW,NW_ttx_sd24_1
NW,NW_ttx_sd24_2
NW,NW_ttx_sd24_3
NW,NW_ttx_sd24_4
NW,NW_ttx_sd25_1
NW,NW_ttx_sd25_2
NW,NW_ttx_sd25_3
NW,NW_ttx_sd25_4
NW,NW_ttx_sd26_1
NW,NW_ttx_sd26_2
NW,NW_ttx_sd26_3
NW,NW_ttx_sd26_4
NW,NW_ttx_sd27_1
NW,NW_ttx_sd27_2
NW,NW_ttx_sd27_3
NW,NW_ttx_sd27_4
NW,NW_ttx_sd28_1
NW,NW_ttx_sd28_2
NW,NW_ttx_sd28_3
NW,NW_ttx_sd28_4
NW,NW_ttx_sd29_1
NW,NW_ttx_sd29_2
NW,NW_ttx_sd29_3
NW,NW_ttx_sd29_4
NW,NW_ttx_sd2_1
NW,NW_ttx_sd2_2
NW,NW_ttx_sd2_3
NW,NW_ttx_sd2_4
NW,NW_ttx_sd30_1
NW,NW_ttx_sd30_2
NW,NW_ttx_sd30_3
NW,NW_ttx_sd30_4
NW,NW_ttx_sd31_1
NW,NW_ttx_sd31_2
NW,NW_ttx_sd31_3
NW,NW_ttx_sd31_4
NW,NW_ttx_sd32_1
NW,NW_ttx_sd32_2
NW,NW_ttx_sd32_3
NW,NW_ttx_sd32_4
NW,NW_ttx_sd33_1
NW,NW_ttx_sd33_2
NW,NW_ttx_sd33_3
NW,NW_ttx_sd33_4
NW,NW_ttx_sd34_1
NW,NW_ttx_sd34_2
NW,NW_ttx_sd34_3
NW,NW_ttx_sd34_4
NW,NW_ttx_sd35_1
NW,NW_ttx_sd35_2
NW,NW_ttx_sd35_3
NW,NW_ttx_sd35_4
NW,NW_ttx_sd36_1
NW,NW_ttx_sd36_2
NW,NW_ttx_sd36_3
NW,NW_ttx_sd36_4
NW,NW_ttx_sd37_1
NW,NW_ttx_sd37_2
NW,NW_ttx_sd37_3
NW,NW_ttx_sd37_4
NW,NW_ttx_sd38_1
NW,NW_ttx_sd38_2
NW,NW_ttx_sd38_3
NW,NW_ttx_sd38_4
NW,NW_ttx_sd39_1
NW,NW_ttx_sd39_2
NW,NW_ttx_sd39_3
NW,NW_ttx_sd39_4
NW,NW_ttx_sd3_1
NW,NW_ttx_sd3_2
NW,NW_ttx_sd3_3
NW,NW_ttx_sd3_4
NW,NW_ttx_sd40_1
NW,NW_ttx_sd40_2
NW,NW_ttx_sd40_3
NW,NW_ttx_sd40_4
NW,NW_ttx_sd41_1
NW,NW_ttx_sd41_2
NW,NW_ttx_sd41_3
NW,NW_ttx_sd41_4
NW,NW_ttx_sd42_1
NW,NW_ttx_sd42_2
NW,NW_ttx_sd42_3
NW,NW_ttx_sd42_4
NW,NW_ttx_sd43_1
NW,NW_ttx_sd43_2
NW,NW_ttx_sd43_3
NW,NW_ttx_sd43_4
NW,NW_ttx_sd44_1
NW,NW_ttx_sd44_2
NW,NW_ttx_sd44_3
NW,NW_ttx_sd44_4
NW,NW_ttx_sd45_1
NW,NW_ttx_sd45_2
NW,NW_ttx_sd45_3
NW,NW_ttx_sd45_4
NW,NW_ttx_sd46_1
NW,NW_ttx_sd46_2
NW,NW_ttx_sd46_3
NW,NW_ttx_sd46_4
NW,NW_ttx_sd47_1
NW,NW_ttx_sd47_2
NW,NW_ttx_sd47_3
NW,NW_ttx_sd47_4
NW,NW_ttx_sd48_1
NW,NW_ttx_sd48_2
NW,NW_ttx_sd48_3
NW,NW_ttx_sd48_4
NW,NW_ttx_sd49_1
NW,NW_ttx_sd49_2
NW,NW_ttx_sd49_3
NW,NW_ttx_sd49_4
NW,NW_ttx_sd4_1
NW,NW_ttx_sd4_2
NW,NW_ttx_sd4_3
NW,NW_ttx_sd4_4
NW,NW_ttx_sd50_1
NW,NW_ttx_sd50_2
NW,NW_ttx_sd50_3
NW,NW_ttx_sd50_4
NW,NW_ttx_sd51_1
NW,NW_ttx_sd51_2
NW,NW_ttx_sd51_3
NW,NW_ttx_sd51_4
NW,NW_ttx_sd52_1
NW,NW_ttx_sd52_2
NW,NW_ttx_sd52_3
NW,NW_ttx_sd52_4
NW,NW_ttx_sd53_1
NW,NW_ttx_sd53_2
NW,NW_ttx_sd53_3
NW,NW_ttx_sd53_4
NW,NW_ttx_sd54_1
NW,NW_ttx_sd54_2
NW,NW_ttx_sd54_3
NW,NW_ttx_sd54_4
NW,NW_ttx_sd55_1
NW,NW_ttx_sd55_2
NW,NW_ttx_sd55_3
NW,NW_ttx_sd55_4
NW,NW_ttx_sd56_1
NW,NW_ttx_sd56_2
NW,NW_ttx_sd56_3
NW,NW_ttx_sd56_4
NW,NW_ttx_sd57_1
NW,NW_ttx_sd57_2
NW,NW_ttx_sd57_3
NW,NW_ttx_sd57_4
NW,NW_ttx_sd58_1
NW,NW_ttx_sd58_2
NW,NW_ttx_sd58_3
NW,NW_ttx_sd58_4
NW,NW_ttx_sd59_1
NW,NW_ttx_sd59_2
NW,NW_ttx_sd59_3
NW,NW_ttx_sd59_4
NW,NW_ttx_sd5_1
NW,NW_ttx_sd5_2
NW,NW_ttx_sd5_3
NW,NW_ttx_sd5_4
NW,NW_ttx_sd60_1
NW,NW_ttx_sd60_2
NW,NW_ttx_sd60_3
NW,NW_ttx_sd60_4
NW,NW_ttx_sd61_1
NW,NW_ttx_sd61_2
NW,NW_ttx_sd61_3
NW,NW_ttx_sd61_4
NW,NW_ttx_sd62_1
NW,NW_ttx_sd62_2
NW,NW_ttx_sd62_3
NW,NW_ttx_sd62_4
NW,NW_ttx_sd63_1
NW,NW_ttx_sd63_2
NW,NW_ttx_sd63_3
NW,NW_ttx_sd63_4
NW,NW_ttx_sd64_1
NW,NW_ttx_sd64_2
NW,NW_ttx_sd64_3
NW,NW_ttx_sd64_4
NW,NW_ttx_sd65_1
NW,NW_ttx_sd65_2
NW,NW_ttx_sd65_3
NW,NW_ttx_sd65_4
NW,NW_ttx_sd66_1
NW,NW_ttx_sd66_2
NW,NW_ttx_sd66_3
NW,NW_ttx_sd66_4
NW,NW_ttx_sd67_1
NW,NW_ttx_sd67_2
NW,NW_ttx_sd67_3
NW,NW_ttx_sd67_4
NW,NW_ttx_sd68_1
NW,NW_ttx_sd68_2
NW,NW_ttx_sd68_3
NW,NW_ttx_sd68_4
NW,NW_ttx_sd69_1
NW,NW_ttx_sd69_2
NW,NW_ttx_sd69_3
NW,NW_ttx_sd69_4
NW,NW_ttx_sd6_1
NW,NW_ttx_sd6_2
NW,NW_ttx_sd6_3
NW,NW_ttx_sd6_4
NW,NW_ttx_sd70_1
NW,NW_ttx_sd70_2
NW,NW_ttx_sd70_3
NW,NW_ttx_sd70_4
NW,NW_ttx_sd71_1
NW,NW_ttx_sd71_2
NW,NW_ttx_sd71_3
NW,NW_ttx_sd71_4
NW,NW_ttx_sd72_1
NW,NW_ttx_sd72_2
NW,NW_ttx_sd72_3
NW,NW_ttx_sd72_4
NW,NW_ttx_sd73_1
NW,NW_ttx_sd73_2
NW,NW_ttx_sd73_3
NW,NW_ttx_sd73_4
NW,NW_ttx_sd74_1
NW,NW_ttx_sd74_2
NW,NW_ttx_sd74_3
NW,NW_ttx_sd74_4
NW,NW_ttx_sd75_1
NW,NW_ttx_sd75_2
NW,NW_ttx_sd75_3
NW,NW_ttx_sd75_4
NW,NW_ttx_sd76_1
NW,NW_ttx_sd76_2
NW,NW_ttx_sd76_3
NW,NW_ttx_sd76_4
NW,NW_ttx_sd77_1
NW,NW_ttx_sd77_2
NW,NW_ttx_sd77_3
NW,NW_ttx_sd77_4
NW,NW_ttx_sd78_1
NW,NW_ttx_sd78_2
NW,NW_ttx_sd78_3
NW,NW_ttx_sd78_4
NW,NW_ttx_sd79_1
NW,NW_ttx_sd79_2
NW,NW_ttx_sd79_3
NW,NW_ttx_sd79_4
NW,NW_ttx_sd7_1
NW,NW_ttx_sd7_2
NW,NW_ttx_sd7_3
NW,NW_ttx_sd7_4
NW,NW_ttx_sd80_1
NW,NW_ttx_sd80_2
NW,NW_ttx_sd80_3
NW,NW_ttx_sd80_4
NW,NW_ttx_sd81_1
NW,NW_ttx_sd81_2
NW,NW_ttx_sd81_3
NW,NW_ttx_sd81_4
NW,NW_ttx_sd82_1
NW,NW_ttx_sd82_2
NW,NW_ttx_sd82_3
NW,NW_ttx_sd82_4
NW,NW_ttx_sd83_1
NW,NW_ttx_sd83_2
NW,NW_ttx_sd83_3
NW,NW_ttx_sd83_4
NW,NW_ttx_sd84_1
NW,NW_ttx_sd84_2
NW,NW_ttx_sd84_3
NW,NW_ttx_sd84_4
NW,NW_ttx_sd85_1
NW,NW_ttx_sd85_2
NW,NW_ttx_sd85_3
NW,NW_ttx_sd85_4
NW,NW_ttx_sd86_1
NW,NW_ttx_sd86_2
NW,NW_ttx_sd86_3
NW,NW_ttx_sd86_4
NW,NW_ttx_sd87_1
NW,NW_ttx_sd87_2
NW,NW_ttx_sd87_3
NW,NW_ttx_sd87_4
NW,NW_ttx_sd88_1
NW,NW_ttx_sd88_2
NW,NW_ttx_sd88_3
NW,NW_ttx_sd88_4
NW,NW_ttx_sd89_1
NW,NW_ttx_sd89_2
NW,NW_ttx_sd89_3
NW,NW_ttx_sd89_4
NW,NW_ttx_sd8_1
NW,NW_ttx_sd8_2
NW,NW_ttx_sd8_3
NW,NW_ttx_sd8_4
NW,NW_ttx_sd90_1
NW,NW_ttx_sd90_2
NW,NW_ttx_sd90_3
NW,NW_ttx_sd90_4
NW,NW_ttx_sd91_1
NW,NW_ttx_sd91_2
NW,NW_ttx_sd91_3
NW,NW_ttx_sd91_4
NW,NW_ttx_sd92_1
NW,NW_ttx_sd92_2
NW,NW_ttx_sd92_3
NW,NW_ttx_sd92_4
NW,NW_ttx_sd93_1
NW,NW_ttx_sd93_2
NW,NW_ttx_sd93_3
NW,NW_ttx_sd93_4
NW,NW_ttx_sd94_1
NW,NW_ttx_sd94_2
NW,NW_ttx_sd94_3
NW,NW_ttx_sd94_4
NW,NW_ttx_sd95_1
NW,NW_ttx_sd95_2
NW,NW_ttx_sd95_3
NW,NW_ttx_sd95_4
NW,NW_ttx_sd96_1
NW,NW_ttx_sd96_2
NW,NW_ttx_sd96_3
NW,NW_ttx_sd96_4
NW,NW_ttx_sd97_1
NW,NW_ttx_sd97_2
NW,NW_ttx_sd97_3
NW,NW_ttx_sd97_4
NW,NW_ttx_sd98_1
NW,NW_ttx_sd98_2
NW,NW_ttx_sd98_3
NW,NW_ttx_sd98_4
NW,NW_ttx_sd99_1
NW,NW_ttx_sd99_2
NW,NW_ttx_sd99_3
NW,NW_ttx_sd99_4
NW,NW_ttx_sd9_1
NW,NW_ttx_sd9_2
NW,NW_ttx_sd9_3
NW,NW_ttx_sd9_4
SW,SW_ttx_sd0_1
SW,SW_ttx_sd0_2
SW,SW_ttx_sd0_3
SW,SW_ttx_sd0_4
SW,SW_ttx_sd100_1
SW,SW_ttx_sd100_2
SW,SW_ttx_sd100_3
SW,SW_ttx_sd100_4
SW,SW_ttx_sd101_1
SW,SW_ttx_sd101_2
SW,SW_ttx_sd101_3
SW,SW_ttx_sd101_4
SW,SW_ttx_sd102_1
SW,SW_ttx_sd102_2
SW,SW_ttx_sd102_3
SW,SW_ttx_sd102_4
SW,SW_ttx_sd103_1
SW,SW_ttx_sd103_2
SW,SW_ttx_sd103_3
SW,SW_ttx_sd103_4
SW,SW_ttx_sd104_1
SW,SW_ttx_sd104_2
SW,SW_ttx_sd104_3
SW,SW_ttx_sd104_4
SW,SW_ttx_sd105_1
SW,SW_ttx_sd105_2
SW,SW_ttx_sd105_3
SW,SW_ttx_sd105_4
SW,SW_ttx_sd106_1
SW,SW_ttx_sd106_2
SW,SW_ttx_sd106_3
SW,SW_ttx_sd106_4
SW,SW_ttx_sd107_1
SW,SW_ttx_sd107_2
SW,SW_ttx_sd107_3
SW,SW_ttx_sd107_4
SW,SW_ttx_sd108_1
SW,SW_ttx_sd108_2
SW,SW_ttx_sd108_3
SW,SW_ttx_sd108_4
SW,SW_ttx_sd109_1
SW,SW_ttx_sd109_2
SW,SW_ttx_sd109_3
SW,SW_ttx_sd109_4
SW,SW_ttx_sd10_1
SW,SW_ttx_sd10_2
SW,SW_ttx_sd10_3
SW,SW_ttx_sd10_4
SW,SW_ttx_sd110_1
SW,SW_ttx_sd110_2
SW,SW_ttx_sd110_3
SW,SW_ttx_sd110_4
SW,SW_ttx_sd111_1
SW,SW_ttx_sd111_2
SW,SW_ttx_sd111_3
SW,SW_ttx_sd111_4
SW,SW_ttx_sd112_1
SW,SW_ttx_sd112_2
SW,SW_ttx_sd112_3
SW,SW_ttx_sd112_4
SW,SW_ttx_sd113_1
SW,SW_ttx_sd113_2
SW,SW_ttx_sd113_3
SW,SW_ttx_sd113_4
SW,SW_ttx_sd114_1
SW,SW_ttx_sd114_2
SW,SW_ttx_sd114_3
SW,SW_ttx_sd114_4
SW,SW_ttx_sd115_1
SW,SW_ttx_sd115_2
SW,SW_ttx_sd115_3
SW,SW_ttx_sd115_4
SW,SW_ttx_sd116_1
SW,SW_ttx_sd116_2
SW,SW_ttx_sd116_3
SW,SW_ttx_sd116_4
SW,SW_ttx_sd117_1
SW,SW_ttx_sd117_2
SW,SW_ttx_sd117_3
SW,SW_ttx_sd117_4
SW,SW_ttx_sd118_1
SW,SW_ttx_sd118_2
SW,SW_ttx_sd118_3
SW,SW_ttx_sd118_4
SW,SW_ttx_sd119_1
SW,SW_ttx_sd119_2
SW,SW_ttx_sd119_3
SW,SW_ttx_sd119_4
SW,SW_ttx_sd11_1
SW,SW_ttx_sd11_2
SW,SW_ttx_sd11_3
SW,SW_ttx_sd11_4
SW,SW_ttx_sd120_1
SW,SW_ttx_sd120_2
SW,SW_ttx_sd120_3
SW,SW_ttx_sd120_4
SW,SW_ttx_sd121_1
SW,SW_ttx_sd121_2
SW,SW_ttx_sd121_3
SW,SW_ttx_sd121_4
SW,SW_ttx_sd122_1
SW,SW_ttx_sd122_2
SW,SW_ttx_sd122_3
SW,SW_ttx_sd122_4
SW,SW_ttx_sd123_1
SW,SW_ttx_sd123_2
SW,SW_ttx_sd123_3
SW,SW_ttx_sd123_4
SW,SW_ttx_sd124_1
SW,SW_ttx_sd124_2
SW,SW_ttx_sd124_3
SW,SW_ttx_sd124_4
SW,SW_ttx_sd12_1
SW,SW_ttx_sd12_2
SW,SW_ttx_sd12_3
SW,SW_ttx_sd12_4
SW,SW_ttx_sd13_1
SW,SW_ttx_sd13_2
SW,SW_ttx_sd13_3
SW,SW_ttx_sd13_4
SW,SW_ttx_sd14_1
SW,SW_ttx_sd14_2
SW,SW_ttx_sd14_3
SW,SW_ttx_sd14_4
SW,SW_ttx_sd15_1
SW,SW_ttx_sd15_2
SW,SW_ttx_sd15_3
SW,SW_ttx_sd15_4
SW,SW_ttx_sd16_1
SW,SW_ttx_sd16_2
SW,SW_ttx_sd16_3
SW,SW_ttx_sd16_4
SW,SW_ttx_sd17_1
SW,SW_ttx_sd17_2
SW,SW_ttx_sd17_3
SW,SW_ttx_sd17_4
SW,SW_ttx_sd18_1
SW,SW_ttx_sd18_2
SW,SW_ttx_sd18_3
SW,SW_ttx_sd18_4
SW,SW_ttx_sd19_1
SW,SW_ttx_sd19_2
SW,SW_ttx_sd19_3
SW,SW_ttx_sd19_4
SW,SW_ttx_sd1_1
SW,SW_ttx_sd1_2
SW,SW_ttx_sd1_3
SW,SW_ttx_sd1_4
SW,SW_ttx_sd20_1
SW,SW_ttx_sd20_2
SW,SW_ttx_sd20_3
SW,SW_ttx_sd20_4
SW,SW_ttx_sd21_1
SW,SW_ttx_sd21_2
SW,SW_ttx_sd21_3
SW,SW_ttx_sd21_4
SW,SW_ttx_sd22_1
SW,SW_ttx_sd22_2
SW,SW_ttx_sd22_3
SW,SW_ttx_sd22_4
SW,SW_ttx_sd23_1
SW,SW_ttx_sd23_2
SW,SW_ttx_sd23_3
SW,SW_ttx_sd23_4
SW,SW_ttx_sd24_1
SW,SW_ttx_sd24_2
SW,SW_ttx_sd24_3
SW,SW_ttx_sd24_4
SW,SW_ttx_sd25_1
SW,SW_ttx_sd25_2
SW,SW_ttx_sd25_3
SW,SW_ttx_sd25_4
SW,SW_ttx_sd26_1
SW,SW_ttx_sd26_2
SW,SW_ttx_sd26_3
SW,SW_ttx_sd26_4
SW,SW_ttx_sd27_1
SW,SW_ttx_sd27_2
SW,SW_ttx_sd27_3
SW,SW_ttx_sd27_4
SW,SW_ttx_sd28_1
SW,SW_ttx_sd28_2
SW,SW_ttx_sd28_3
SW,SW_ttx_sd28_4
SW,SW_ttx_sd29_1
SW,SW_ttx_sd29_2
SW,SW_ttx_sd29_3
SW,SW_ttx_sd29_4
SW,SW_ttx_sd2_1
SW,SW_ttx_sd2_2
SW,SW_ttx_sd2_3
SW,SW_ttx_sd2_4
SW,SW_ttx_sd30_1
SW,SW_ttx_sd30_2
SW,SW_ttx_sd30_3
SW,SW_ttx_sd30_4
SW,SW_ttx_sd31_1
SW,SW_ttx_sd31_2
SW,SW_ttx_sd31_3
SW,SW_ttx_sd31_4
SW,SW_ttx_sd32_1
SW,SW_ttx_sd32_2
SW,SW_ttx_sd32_3
SW,SW_ttx_sd32_4
SW,SW_ttx_sd33_1
SW,SW_ttx_sd33_2
SW,SW_ttx_sd33_3
SW,SW_ttx_sd33_4
SW,SW_ttx_sd34_1
SW,SW_ttx_sd34_2
SW,SW_ttx_sd34_3
SW,SW_ttx_sd34_4
SW,SW_ttx_sd35_1
SW,SW_ttx_sd35_2
SW,SW_ttx_sd35_3
SW,SW_ttx_sd35_4
SW,SW_ttx_sd36_1
SW,SW_ttx_sd36_2
SW,SW_ttx_sd36_3
SW,SW_ttx_sd36_4
SW,SW_ttx_sd37_1
SW,SW_ttx_sd37_2
SW,SW_ttx_sd37_3
SW,SW_ttx_sd37_4
SW,SW_ttx_sd38_1
SW,SW_ttx_sd38_2
SW,SW_ttx_sd38_3
SW,SW_ttx_sd38_4
SW,SW_ttx_sd39_1
SW,SW_ttx_sd39_2
SW,SW_ttx_sd39_3
SW,SW_ttx_sd39_4
SW,SW_ttx_sd3_1
SW,SW_ttx_sd3_2
SW,SW_ttx_sd3_3
SW,SW_ttx_sd3_4
SW,SW_ttx_sd40_1
SW,SW_ttx_sd40_2
SW,SW_ttx_sd40_3
SW,SW_ttx_sd40_4
SW,SW_ttx_sd41_1
SW,SW_ttx_sd41_2
SW,SW_ttx_sd41_3
SW,SW_ttx_sd41_4
SW,SW_ttx_sd42_1
SW,SW_ttx_sd42_2
SW,SW_ttx_sd42_3
SW,SW_ttx_sd42_4
SW,SW_ttx_sd43_1
SW,SW_ttx_sd43_2
SW,SW_ttx_sd43_3
SW,SW_ttx_sd43_4
SW,SW_ttx_sd44_1
SW,SW_ttx_sd44_2
SW,SW_ttx_sd44_3
SW,SW_ttx_sd44_4
SW,SW_ttx_sd45_1
SW,SW_ttx_sd45_2
SW,SW_ttx_sd45_3
SW,SW_ttx_sd45_4
SW,SW_ttx_sd46_1
SW,SW_ttx_sd46_2
SW,SW_ttx_sd46_3
SW,SW_ttx_sd46_4
SW,SW_ttx_sd47_1
SW,SW_ttx_sd47_2
SW,SW_ttx_sd47_3
SW,SW_ttx_sd47_4
SW,SW_ttx_sd48_1
SW,SW_ttx_sd48_2
SW,SW_ttx_sd48_3
SW,SW_ttx_sd48_4
SW,SW_ttx_sd49_1
SW,SW_ttx_sd49_2
SW,SW_ttx_sd49_3
SW,SW_ttx_sd49_4
SW,SW_ttx_sd4_1
SW,SW_ttx_sd4_2
SW,SW_ttx_sd4_3
SW,SW_ttx_sd4_4
SW,SW_ttx_sd50_1
SW,SW_ttx_sd50_2
SW,SW_ttx_sd50_3
SW,SW_ttx_sd50_4
SW,SW_ttx_sd51_1
SW,SW_ttx_sd51_2
SW,SW_ttx_sd51_3
SW,SW_ttx_sd51_4
SW,SW_ttx_sd52_1
SW,SW_ttx_sd52_2
SW,SW_ttx_sd52_3
SW,SW_ttx_sd52_4
SW,SW_ttx_sd53_1
SW,SW_ttx_sd53_2
SW,SW_ttx_sd53_3
SW,SW_ttx_sd53_4
SW,SW_ttx_sd54_1
SW,SW_ttx_sd54_2
SW,SW_ttx_sd54_3
SW,SW_ttx_sd54_4
SW,SW_ttx_sd55_1
SW,SW_ttx_sd55_2
SW,SW_ttx_sd55_3
SW,SW_ttx_sd55_4
SW,SW_ttx_sd56_1
SW,SW_ttx_sd56_2
SW,SW_ttx_sd56_3
SW,SW_ttx_sd56_4
SW,SW_ttx_sd57_1
SW,SW_ttx_sd57_2
SW,SW_ttx_sd57_3
SW,SW_ttx_sd57_4
SW,SW_ttx_sd58_1
SW,SW_ttx_sd58_2
SW,SW_ttx_sd58_3
SW,SW_ttx_sd58_4
SW,SW_ttx_sd59_1
SW,SW_ttx_sd59_2
SW,SW_ttx_sd59_3
SW,SW_ttx_sd59_4
SW,SW_ttx_sd5_1
SW,SW_ttx_sd5_2
SW,SW_ttx_sd5_3
SW,SW_ttx_sd5_4
SW,SW_ttx_sd60_1
SW,SW_ttx_sd60_2
SW,SW_ttx_sd60_3
SW,SW_ttx_sd60_4
SW,SW_ttx_sd61_1
SW,SW_ttx_sd61_2
SW,SW_ttx_sd61_3
SW,SW_ttx_sd61_4
SW,SW_ttx_sd62_1
SW,SW_ttx_sd62_2
SW,SW_ttx_sd62_3
SW,SW_ttx_sd62_4
SW,SW_ttx_sd63_1
SW,SW_ttx_sd63_2
SW,SW_ttx_sd63_3
SW,SW_ttx_sd63_4
SW,SW_ttx_sd64_1
SW,SW_ttx_sd64_2
SW,SW_ttx_sd64_3
SW,SW_ttx_sd64_4
SW,SW_ttx_sd65_1
SW,SW_ttx_sd65_2
SW,SW_ttx_sd65_3
SW,SW_ttx_sd65_4
SW,SW_ttx_sd66_1
SW,SW_ttx_sd66_2
SW,SW_ttx_sd66_3
SW,SW_ttx_sd66_4
SW,SW_ttx_sd67_1
SW,SW_ttx_sd67_2
SW,SW_ttx_sd67_3
SW,SW_ttx_sd67_4
SW,SW_ttx_sd68_1
SW,SW_ttx_sd68_2
SW,SW_ttx_sd68_3
SW,SW_ttx_sd68_4
SW,SW_ttx_sd69_1
SW,SW_ttx_sd69_2
SW,SW_ttx_sd69_3
SW,SW_ttx_sd69_4
SW,SW_ttx_sd6_1
SW,SW_ttx_sd6_2
SW,SW_ttx_sd6_3
SW,SW_ttx_sd6_4
SW,SW_ttx_sd70_1
SW,SW_ttx_sd70_2
SW,SW_ttx_sd70_3
SW,SW_ttx_sd70_4
SW,SW_ttx_sd71_1
SW,SW_ttx_sd71_2
SW,SW_ttx_sd71_3
SW,SW_ttx_sd71_4
SW,SW_ttx_sd72_1
SW,SW_ttx_sd72_2
SW,SW_ttx_sd72_3
SW,SW_ttx_sd72_4
SW,SW_ttx_sd73_1
SW,SW_ttx_sd73_2
SW,SW_ttx_sd73_3
SW,SW_ttx_sd73_4
SW,SW_ttx_sd74_1
SW,SW_ttx_sd74_2
SW,SW_ttx_sd74_3
SW,SW_ttx_sd74_4
SW,SW_ttx_sd75_1
SW,SW_ttx_sd75_2
SW,SW_ttx_sd75_3
SW,SW_ttx_sd75_4
SW,SW_ttx_sd76_1
SW,SW_ttx_sd76_2
SW,SW_ttx_sd76_3
SW,SW_ttx_sd76_4
SW,SW_ttx_sd77_1
SW,SW_ttx_sd77_2
SW,SW_ttx_sd77_3
SW,SW_ttx_sd77_4
SW,SW_ttx_sd78_1
SW,SW_ttx_sd78_2
SW,SW_ttx_sd78_3
SW,SW_ttx_sd78_4
SW,SW_ttx_sd79_1
SW,SW_ttx_sd79_2
SW,SW_ttx_sd79_3
SW,SW_ttx_sd79_4
SW,SW_ttx_sd7_1
SW,SW_ttx_sd7_2
SW,SW_ttx_sd7_3
SW,SW_ttx_sd7_4
SW,SW_ttx_sd80_1
SW,SW_ttx_sd80_2
SW,SW_ttx_sd80_3
SW,SW_ttx_sd80_4
SW,SW_ttx_sd81_1
SW,SW_ttx_sd81_2
SW,SW_ttx_sd81_3
SW,SW_ttx_sd81_4
SW,SW_ttx_sd82_1
SW,SW_ttx_sd82_2
SW,SW_ttx_sd82_3
SW,SW_ttx_sd82_4
SW,SW_ttx_sd83_1
SW,SW_ttx_sd83_2
SW,SW_ttx_sd83_3
SW,SW_ttx_sd83_4
SW,SW_ttx_sd84_1
SW,SW_ttx_sd84_2
SW,SW_ttx_sd84_3
SW,SW_ttx_sd84_4
SW,SW_ttx_sd85_1
SW,SW_ttx_sd85_2
SW,SW_ttx_sd85_3
SW,SW_ttx_sd85_4
SW,SW_ttx_sd86_1
SW,SW_ttx_sd86_2
SW,SW_ttx_sd86_3
SW,SW_ttx_sd86_4
SW,SW_ttx_sd87_1
SW,SW_ttx_sd87_2
SW,SW_ttx_sd87_3
SW,SW_ttx_sd87_4
SW,SW_ttx_sd88_1
SW,SW_ttx_sd88_2
SW,SW_ttx_sd88_3
SW,SW_ttx_sd88_4
SW,SW_ttx_sd89_1
SW,SW_ttx_sd89_2
SW,SW_ttx_sd89_3
SW,SW_ttx_sd89_4
SW,SW_ttx_sd8_1
SW,SW_ttx_sd8_2
SW,SW_ttx_sd8_3
SW,SW_ttx_sd8_4
SW,SW_ttx_sd90_1
SW,SW_ttx_sd90_2
SW,SW_ttx_sd90_3
SW,SW_ttx_sd90_4
SW,SW_ttx_sd91_1
SW,SW_ttx_sd91_2
SW,SW_ttx_sd91_3
SW,SW_ttx_sd91_4
SW,SW_ttx_sd92_1
SW,SW_ttx_sd92_2
SW,SW_ttx_sd92_3
SW,SW_ttx_sd92_4
SW,SW_ttx_sd93_1
SW,SW_ttx_sd93_2
SW,SW_ttx_sd93_3
SW,SW_ttx_sd93_4
SW,SW_ttx_sd94_1
SW,SW_ttx_sd94_2
SW,SW_ttx_sd94_3
SW,SW_ttx_sd94_4
SW,SW_ttx_sd95_1
SW,SW_ttx_sd95_2
SW,SW_ttx_sd95_3
SW,SW_ttx_sd95_4
SW,SW_ttx_sd96_1
SW,SW_ttx_sd96_2
SW,SW_ttx_sd96_3
SW,SW_ttx_sd96_4
SW,SW_ttx_sd97_1
SW,SW_ttx_sd97_2
SW,SW_ttx_sd97_3
SW,SW_ttx_sd97_4
SW,SW_ttx_sd98_1
SW,SW_ttx_sd98_2
SW,SW_ttx_sd98_3
SW,SW_ttx_sd98_4
SW,SW_ttx_sd99_1
SW,SW_ttx_sd99_2
SW,SW_ttx_sd99_3
SW,SW_ttx_sd99_4
SW,SW_ttx_sd9_1
SW,SW_ttx_sd9_2
SW,SW_ttx_sd9_3
SW,SW_ttx_sd9_4
